{
  "main": {
    "id": "d676c3b38b7a73f6",
    "type": "split",
    "children": [
      {
        "id": "0c3878dca018387a",
        "type": "tabs",
        "children": [
          {
            "id": "9cfd84cc30d81439",
            "type": "leaf",
            "state": {
              "type": "markdown",
              "state": {
                "file": "3 - آل‌عمران/آل‌عمران7.md",
                "mode": "source",
                "source": false
              },
              "icon": "lucide-file",
              "title": "آل‌عمران7"
            }
          }
        ]
      }
    ],
    "direction": "vertical"
  },
  "left": {
    "id": "b0e9f1268a340f53",
    "type": "split",
    "children": [
      {
        "id": "7d7dfe1994741103",
        "type": "tabs",
        "children": [
          {
            "id": "ddc9396eeb2526eb",
            "type": "leaf",
            "state": {
              "type": "file-explorer",
              "state": {
                "sortOrder": "alphabetical"
              },
              "icon": "lucide-folder-closed",
              "title": "Files"
            }
          },
          {
            "id": "096129676b49b874",
            "type": "leaf",
            "state": {
              "type": "search",
              "state": {
                "query": "الذ",
                "matchingCase": false,
                "explainSearch": false,
                "collapseAll": false,
                "extraContext": false,
                "sortOrder": "alphabetical"
              },
              "icon": "lucide-search",
              "title": "Search"
            }
          },
          {
            "id": "ffe8a8c04c662ea1",
            "type": "leaf",
            "state": {
              "type": "bookmarks",
              "state": {},
              "icon": "lucide-bookmark",
              "title": "Bookmarks"
            }
          }
        ],
        "currentTab": 1
      }
    ],
    "direction": "horizontal",
    "width": 300
  },
  "right": {
    "id": "d6f50c06ce1880f6",
    "type": "split",
    "children": [
      {
        "id": "078b1f1430540657",
        "type": "tabs",
        "children": [
          {
            "id": "06d83f8087d0bdb6",
            "type": "leaf",
            "state": {
              "type": "backlink",
              "state": {
                "file": "8 - انفال/q - انفال - 1.md",
                "collapseAll": false,
                "extraContext": false,
                "sortOrder": "alphabetical",
                "showSearch": false,
                "searchQuery": "",
                "backlinkCollapsed": false,
                "unlinkedCollapsed": true
              },
              "icon": "links-coming-in",
              "title": "Backlinks for q - انفال - 1"
            }
          },
          {
            "id": "80560af470d381f6",
            "type": "leaf",
            "state": {
              "type": "outgoing-link",
              "state": {
                "file": "8 - انفال/q - انفال - 1.md",
                "linksCollapsed": false,
                "unlinkedCollapsed": true
              },
              "icon": "links-going-out",
              "title": "Outgoing links from q - انفال - 1"
            }
          },
          {
            "id": "7127b62bcc754690",
            "type": "leaf",
            "state": {
              "type": "tag",
              "state": {
                "sortOrder": "frequency",
                "useHierarchy": true
              },
              "icon": "lucide-tags",
              "title": "Tags"
            }
          },
          {
            "id": "531954cbe8c31ff5",
            "type": "leaf",
            "state": {
              "type": "outline",
              "state": {
                "file": "8 - انفال/q - انفال - 1.md"
              },
              "icon": "lucide-list",
              "title": "Outline of q - انفال - 1"
            }
          }
        ]
      }
    ],
    "direction": "horizontal",
    "width": 300,
    "collapsed": true
  },
  "left-ribbon": {
    "hiddenItems": {
      "switcher:Open quick switcher": false,
      "graph:Open graph view": false,
      "canvas:Create new canvas": false,
      "daily-notes:Open today's daily note": false,
      "templates:Insert template": false,
      "command-palette:Open command palette": false
    }
  },
  "active": "096129676b49b874",
  "lastOpenFiles": [
    "1 - حمد/حمد1.md",
    "3 - آل‌عمران/آل‌عمران4.md",
    "3 - آل‌عمران/آل‌عمران (3).md",
    "6 - انعام/انعام (6).md",
    "8 - انفال/انفال (8).md",
    "8 - انفال/انفال1.md",
    "8 - انفال/انفال3.md",
    "44 - دخان/دخان1.md",
    "3 - آل‌عمران/آل‌عمران1.md",
    "43 - زخرف/زخرف1.md",
    "41 - فصلت/فصلت1.md",
    "40 - غافر/غافر1.md",
    "37 - صافّات/صافّات1.md",
    "38 - ص/ص1.md",
    "28 - قصص/قصص1.md",
    "32 - سجده/سجده1.md",
    "31 - لقمان/لقمان1.md",
    "35 - فاطر/فاطر1.md",
    "34 - سبإ/سبإ1.md",
    "27 - نمل/نمل1.md",
    "29 - عنکبوت/عنکبوت1.md",
    "30 - روم/روم1.md",
    "25 - فرقان/فرقان1.md",
    "22 - حجّ/حجّ1.md",
    "24 - نور/نور1.md",
    "26 - شعراء/شعراء1.md"
  ]
}